success_quick,rotation_deg,max_tilt_deg,passed_inverted,final_tilt_deg,final_rate,altitude_loss_m,time_to_recover_s,control_effort,terminated,integrator_error,episode_s,return,final_xy_drift_m,success_detector,controller,seed
False,-49.2523392795145,168.62245355397846,True,95.94631069677807,8.545844382731968,5.029379795771092,nan,1.4340837001800537,True,False,1.22,0.0,0.9900733520674005,False,random,10000
False,-22.555476287537786,154.27393917197904,True,54.75467324147627,8.108815932663719,5.015655963681638,nan,1.4031223058700562,True,False,1.24,0.0,2.4453223053226796,False,random,10001
False,248.13416007891112,159.91804676501823,True,101.5044503436706,11.873583321158478,5.033587282174267,nan,1.3136016130447388,True,False,1.26,0.0,1.2292945939197715,False,random,10002
False,-77.5135682143749,117.27704188281014,False,90.64698354215106,7.986924050515771,5.028849944472313,nan,1.5098940134048462,True,False,1.58,0.0,3.7684798444988616,False,random,10003
False,-449.9930065332896,169.87713856195452,True,89.39012109760313,10.148130104307768,5.01659918227233,nan,1.4377830028533936,True,False,1.2,0.0,1.8751595620511796,False,random,10004
False,734.7250638652229,163.20614286965153,True,71.79110791498944,14.303199412259774,5.007441079593264,nan,1.3204269409179688,True,False,1.24,0.0,1.5217253591500663,False,random,10005
False,-790.693519355339,172.4457248351673,True,69.33774003479927,19.562123005559016,5.013995769666508,nan,1.446136713027954,True,False,1.32,0.0,1.6658555390263676,False,random,10006
False,-234.21194253380676,173.1347151986602,True,87.36490776261627,13.126848390015057,5.0372599887050455,nan,1.3301676511764526,True,False,1.18,0.0,1.2286790146876014,False,random,10007
False,161.9711623934441,144.10586711286578,False,82.00786294650625,14.50542023738971,5.0363893094763625,nan,1.2052866220474243,True,False,1.46,0.0,1.5581009021167234,False,random,10008
False,-141.73402929815248,174.46875848700975,True,104.21765463148122,11.815818908247707,5.009140889625996,nan,1.5362300872802734,True,False,1.12,0.0,1.7853838796863566,False,random,10009
False,-205.22036811962585,166.57164363701466,True,92.68826145956031,25.46812736513414,5.011413279687986,nan,1.3839010000228882,True,False,1.16,0.0,1.5751267456871807,False,random,10010
False,104.22927520588435,125.19252755907087,False,114.63377384450698,3.665876643448601,5.029655369697139,nan,1.411905288696289,True,False,1.72,0.0,4.729465564274515,False,random,10011
False,-11.529539414261237,137.08108909152259,False,93.52205192113321,7.001088275201294,5.022493046242744,nan,1.675459623336792,True,False,1.16,0.0,3.262169740245435,False,random,10012
False,36.75912734420616,167.6092374934435,True,133.5590016013137,5.0140413827006345,5.028691850588075,nan,1.4336369037628174,True,False,1.16,0.0,2.5623518410048876,False,random,10013
False,666.4948335062164,176.0125623884788,True,92.65361387524734,14.626460600141876,5.038741705240682,nan,1.302863359451294,True,False,1.28,0.0,1.0252983781789082,False,random,10014
False,599.5195992590877,112.53696579246673,False,94.05741504460333,28.750719167480963,5.026203571120277,nan,1.4067509174346924,True,False,1.72,0.0,4.251883485148564,False,random,10015
False,-200.40036552067048,171.9723785193126,True,100.66319303457398,8.096364747771956,5.00467584701255,nan,1.300640344619751,True,False,1.54,0.0,3.465714559912776,False,random,10016
False,-994.2945078563877,174.69352738037094,True,88.92443672362877,24.194509669916787,5.037517289165407,nan,1.4480390548706055,True,False,1.36,0.0,1.9320511189538123,False,random,10017
False,-407.09496074213945,159.1954212591589,True,94.6767416182737,10.140651018082247,5.001683869340923,nan,1.4971857070922852,True,False,1.36,0.0,1.2900065875429974,False,random,10018
False,215.98935505591098,174.03242791599018,True,129.37471658205308,7.935361298325507,5.002847183262929,nan,1.406404972076416,True,False,1.32,0.0,3.244801879507202,False,random,10019
False,-0.08988741830859207,13.157632719414405,False,3.7341681418594543,0.7000212318994431,0.04104923037812114,nan,0.2004956156015396,False,False,10.0,0.0,0.07168880954331655,False,pid_hover,10000
False,3.0820327151433813,11.300629369593192,False,4.918924703914378,1.0488866370872165,0.04935734253376722,nan,0.19936510920524597,False,False,10.0,0.0,0.06571405420645786,False,pid_hover,10001
False,2.146948877445257,11.010450935192363,False,5.912741685281518,0.9094768535535788,0.03237366455141455,nan,0.1917063593864441,False,False,10.0,0.0,0.013496270649426387,False,pid_hover,10002
False,-3.0573901334000104,13.56583755440364,False,6.688283878588729,1.188048583128507,0.04909628629684448,nan,0.19875428080558777,False,False,10.0,0.0,0.12256708293230044,False,pid_hover,10003
False,4.61910059525086,12.565120491439878,False,6.961869546465966,1.209762609586962,0.03991137468256056,nan,0.20314019918441772,False,False,10.0,0.0,0.056754656403516755,False,pid_hover,10004
False,-0.9904646631737349,12.388554783237526,False,3.5243643216057,0.8576848714654152,0.04960913804825395,nan,0.19991739094257355,False,False,10.0,0.0,0.04677886648167896,False,pid_hover,10005
False,1.8698895928486376,12.835426661204652,False,5.809777667826783,1.102224868079553,0.06305807386524975,nan,0.1942182332277298,False,False,10.0,0.0,0.18324710416034806,False,pid_hover,10006
False,7.39112718997125,13.391738054666577,False,4.458245812868072,0.721109346182565,0.06453540943039116,nan,0.20692510902881622,False,False,10.0,0.0,0.05271054212605225,False,pid_hover,10007
False,-2.67553169829958,11.40504174905871,False,3.3859300788265942,0.834640686588354,0.06434920013998635,nan,0.1914552003145218,False,False,10.0,0.0,0.13089930539110134,False,pid_hover,10008
False,-1.729619331752013,13.59628838081525,False,5.094709223584619,1.0917126348742396,0.04634244693443179,nan,0.18605516850948334,False,False,10.0,0.0,0.035542523650242505,False,pid_hover,10009
False,-2.1050343930396758,11.712940804838428,False,2.4876370764524998,0.7512975419592038,0.04638070962391794,nan,0.1972455531358719,False,False,10.0,0.0,0.09170380263869977,False,pid_hover,10010
False,-0.6574695693488624,11.82348635395176,False,4.500997689557144,1.0223373035047054,0.04279959085397422,nan,0.20912541449069977,False,False,10.0,0.0,0.12877179284402565,False,pid_hover,10011
False,-6.088364174011637,11.622187890598662,False,5.149279979749952,0.9218655540413552,0.0522264470346272,nan,0.2043532133102417,False,False,10.0,0.0,0.0795149452442216,False,pid_hover,10012
False,0.5962887983929422,15.118432040451738,False,3.954418757676218,0.6994930645611735,0.05811723320221063,nan,0.1982669234275818,False,False,10.0,0.0,0.05236905681749385,False,pid_hover,10013
False,2.9634341543638683,10.439366651386733,False,1.623654102795939,0.5846829614412461,0.048695066245272756,nan,0.1879187822341919,False,False,10.0,0.0,0.03548234025023136,False,pid_hover,10014
False,0.4050994638937452,13.463927637794777,False,7.5011638449708915,1.4169534950810276,0.0755532740149647,nan,0.20720066130161285,False,False,10.0,0.0,0.047184550133069686,False,pid_hover,10015
False,6.18093960633118,11.94389360702376,False,5.390586785602368,0.7355055100852173,0.05088066728785634,nan,0.19781941175460815,False,False,10.0,0.0,0.23214913257417744,False,pid_hover,10016
False,-0.7890131597447511,15.18683082739083,False,5.395628323979776,1.0806161814495683,0.039475875440984964,nan,0.2026633322238922,False,False,10.0,0.0,0.14028790916746356,False,pid_hover,10017
False,1.4226529624064361,11.272685176864188,False,4.055500660972581,1.2929119573967056,0.04212303919484839,nan,0.19305087625980377,False,False,10.0,0.0,0.042745448564684985,False,pid_hover,10018
False,1.8426786317262995,9.991373528326786,False,2.962749276295309,0.8252173826091098,0.05508281267248094,nan,0.19798147678375244,False,False,10.0,0.0,0.09021305315082971,False,pid_hover,10019
True,360.2274542289791,174.04159923585885,True,3.757428469301435,0.6913488038976187,0.023326875176280737,4.14,0.4083807170391083,False,False,10.0,0.0,0.2121299711330642,False,scripted_flip,10000
False,362.8721014180138,175.92816996027582,True,4.972219453178329,1.0460746550613533,0.012641950510442257,0.56,0.3886254131793976,False,False,10.0,0.0,0.2017138431822535,True,scripted_flip,10001
True,360.76853081725557,173.62017032124916,True,5.863321954471539,0.9068984292476917,0.00959197769407183,2.44,0.3784962296485901,False,False,10.0,0.0,0.32813487706753086,False,scripted_flip,10002
False,357.0422506802638,171.92583082196842,True,6.6190109313665255,1.1752725906875188,0.021971281617879868,1.8399999999999999,0.3833664655685425,False,False,10.0,0.0,0.6824437309966256,False,scripted_flip,10003
False,364.7266221996395,175.00797955699667,True,6.965144548364561,1.213665714121936,0.006018059561029077,5.7,0.3963576555252075,False,False,10.0,0.0,0.24364670751234407,False,scripted_flip,10004
True,358.90765245236236,173.74858617571905,True,3.533002803687262,0.8525238034404728,0.0007434022845700383,6.88,0.3930014371871948,False,False,10.0,0.0,0.3870072274753009,True,scripted_flip,10005
False,361.4291712972241,173.58438001234808,True,5.789388294407774,1.1093180764797947,0.04542879690416157,3.2399999999999998,0.37035128474235535,False,False,10.0,0.0,0.43716281735722756,False,scripted_flip,10006
True,367.24809200487874,170.58466103550157,True,4.397469822439761,0.7193499065879757,0.012188741224235855,nan,0.41093626618385315,False,False,10.0,0.0,0.11613480178730408,False,scripted_flip,10007
True,357.2988470918662,167.80815562300126,True,3.487659530888269,0.8550865158730889,0.025783393095480278,1.1600000000000001,0.37992334365844727,False,False,10.0,0.0,0.4604646680522119,False,scripted_flip,10008
False,357.7869985220514,173.03407677651018,True,5.1163402145698,1.090922880312065,0.018507726024836302,1.7400000000000002,0.3718087077140808,False,False,10.0,0.0,0.4320358429657505,False,scripted_flip,10009
True,356.6150732156467,168.47450353834645,True,2.34438873283021,0.7401546505623972,0.009686306351795793,2.9400000000000004,0.3833259344100952,False,False,10.0,0.0,0.34702657745569543,False,scripted_flip,10010
False,359.04542850192945,171.2212914056665,True,4.55251032676484,1.0394932196057936,0.00570488185621798,0.74,0.4072987735271454,False,False,10.0,0.0,0.28494222964719085,False,scripted_flip,10011
True,355.13679312570696,173.02347971247818,True,5.148528058153359,0.9178292229262902,0.005621998338028789,5.78,0.3851897120475769,False,False,10.0,0.0,0.5891340292467812,False,scripted_flip,10012
True,359.5157542192713,169.5188703226406,True,3.9619317634459064,0.7061446527700568,0.004689602166763507,1.6600000000000001,0.39336884021759033,False,False,10.0,0.0,0.19823769393596585,False,scripted_flip,10013
True,362.56120798211265,168.58810550387844,True,1.582044316072051,0.5849952434197406,0.007763892645016313,2.96,0.38470399379730225,False,False,10.0,0.0,0.18427517604312646,False,scripted_flip,10014
False,360.73237238446023,176.37124550567347,True,7.566592835277037,1.410194576840894,0.004903237568214536,1.94,0.3987259566783905,False,False,10.0,0.0,0.6415140253259918,False,scripted_flip,10015
True,366.35504622845156,176.12265248562434,True,5.428314290811073,0.7380401878803418,0.004461656091734767,0.52,0.3825538456439972,False,False,10.0,0.0,0.28206029426569,True,scripted_flip,10016
False,359.03835175773844,176.76115934487117,True,5.383229039754907,1.0738267789385336,0.0066882038954645395,1.8399999999999999,0.3970506489276886,False,False,10.0,0.0,0.27813449421902836,False,scripted_flip,10017
False,361.5224453131557,173.13295343534023,True,4.115671753289222,1.2982468147877473,0.0029768943204544485,7.000000000000001,0.3818579614162445,False,False,10.0,0.0,0.32828867465557354,True,scripted_flip,10018
True,361.83498259836375,172.66220035642039,True,2.9145677891402615,0.832167241864797,0.014513188740238547,5.720000000000001,0.39036428928375244,False,False,10.0,0.0,0.42744720987586127,False,scripted_flip,10019
True,359.23008490196054,169.66834602512787,True,1.8117358967751733,0.3345765438120786,0.0020947398443240672,0.52,0.3483164608478546,False,False,10.0,0.0,0.3149263060470688,True,ppo_flip,10000
True,359.4818652823461,169.29160958227448,True,2.0774842210848936,0.4900983618473181,0.0,0.54,0.3525269627571106,False,False,10.0,0.0,0.4057675176228542,True,ppo_flip,10001
True,360.82617365500863,167.33832667179308,True,2.606808956546185,0.44048765347138574,0.001854057889431715,0.46,0.33915218710899353,False,False,10.0,0.0,0.4639077807704121,True,ppo_flip,10002
True,357.8907107548703,175.69030533556767,True,2.7783896416072067,0.40383776346680506,0.0,0.5,0.3442384600639343,False,False,10.0,0.0,0.24957405326799897,True,ppo_flip,10003
True,362.9915003845168,173.13625509114053,True,3.5487095580364443,0.5265591079556489,0.0,0.52,0.354769766330719,False,False,10.0,0.0,0.49534132129287206,True,ppo_flip,10004
True,358.03808652876177,173.33961561123635,True,1.927248163951488,0.3981650009289186,0.0,0.56,0.3553861379623413,False,False,10.0,0.0,0.38825912751678326,True,ppo_flip,10005
True,361.88316428155815,174.39677111287222,True,2.466354658974425,0.4713187770027196,0.0,0.5,0.33309686183929443,False,False,10.0,0.0,0.397606846983846,True,ppo_flip,10006
True,362.8289330144302,175.28494662397324,True,1.9818849565631167,0.3845325281733243,0.002544958595535718,0.5,0.35603559017181396,False,False,10.0,0.0,0.2536647199042306,True,ppo_flip,10007
True,358.6283297200803,168.7970138956503,True,1.769889797917732,0.33492894883775776,0.0,0.56,0.34286385774612427,False,False,10.0,0.0,0.3132656491203039,True,ppo_flip,10008
True,359.1081334308661,173.24736475794535,True,1.5862213168649697,0.45006396673535803,0.0,0.5,0.3539902865886688,False,False,10.0,0.0,0.6306110073592699,True,ppo_flip,10009
True,358.2025539614928,174.4803656723071,True,0.8879241881972874,0.33918651511771714,0.0048857893561944366,0.52,0.3552120625972748,False,False,10.0,0.0,0.23142339229902378,True,ppo_flip,10010
True,358.6749531172266,173.70669345922096,True,1.5649984211435353,0.39390537673819864,0.0,0.6000000000000001,0.34446579217910767,False,False,10.0,0.0,0.4243494507436621,True,ppo_flip,10011
True,357.9872964059961,169.67742663176625,True,1.763488871637116,0.42035361196554516,0.0009951544925570488,0.52,0.3537258803844452,False,False,10.0,0.0,0.23822144926652083,True,ppo_flip,10012
True,361.2982803111934,174.79690857748201,True,2.336019070704233,0.38611028212999593,0.0010949570423690602,0.56,0.3596285283565521,False,False,10.0,0.0,0.46055710905665603,True,ppo_flip,10013
True,360.1938232093349,170.69746179070052,True,0.69215259472412,0.31979976086013173,0.0,0.52,0.34100884199142456,False,False,10.0,0.0,0.5176826758084163,True,ppo_flip,10014
True,358.69386285159317,172.46901793068238,True,2.9327688225736885,0.535847451133863,0.0,0.48000000000000004,0.3749368190765381,False,False,10.0,0.0,0.40527899809305173,True,ppo_flip,10015
True,362.66143108353106,175.55749423674516,True,2.177584385340999,0.35939333740697177,0.0021880277199670672,0.5,0.35582637786865234,False,False,10.0,0.0,0.7599832549077287,True,ppo_flip,10016
True,357.745282296593,169.53880172991532,True,2.5912327912682382,0.4509400011713078,0.0012291925959289074,0.5,0.3606276214122772,False,False,10.0,0.0,0.5430933473099817,True,ppo_flip,10017
True,359.78056413231985,172.13802821932543,True,1.6417935977814073,0.49583446513910817,0.0020399290951900184,0.56,0.3495200276374817,False,False,10.0,0.0,0.373408626720743,True,ppo_flip,10018
True,359.9095389212529,168.1844900157507,True,1.372948890650539,0.3917248135972373,0.0,0.48000000000000004,0.35517099499702454,False,False,10.0,0.0,0.41110297303393845,True,ppo_flip,10019
True,358.596087102537,169.66834602512787,True,3.7555363832066835,0.6914689343109122,0.052466470282524824,4.739999999999999,0.4105099141597748,False,False,10.0,0.0,0.0746031144546544,False,ppo_flip+pid,10000
False,361.87041960693637,169.29160958227448,True,4.969962969044666,1.04625957494011,0.04768798779696226,1.98,0.41572678089141846,False,False,10.0,0.0,0.06682193507757334,True,ppo_flip+pid,10001
True,360.8395281820134,167.33832667179308,True,5.861388540417277,0.9065970783098894,0.058303804718889296,3.06,0.39684802293777466,False,False,10.0,0.0,0.017485279907209727,False,ppo_flip+pid,10002
False,356.78549229526067,175.69030533556767,True,6.6083685163386185,1.1750878737336086,0.07240504026412964,2.46,0.40010103583335876,False,False,10.0,0.0,0.1167981002963919,False,ppo_flip+pid,10003
False,364.6610230695562,173.13625509114053,True,6.96548510844524,1.2134660308861118,0.03735117265023291,6.36,0.4079191982746124,False,False,10.0,0.0,0.0575389622070363,False,ppo_flip+pid,10004
True,358.62766590440054,173.33961561123635,True,3.5377594561566936,0.852580049490152,0.03597581235226244,3.12,0.40560048818588257,False,False,10.0,0.0,0.043178631840047235,True,ppo_flip+pid,10005
False,361.34337843324965,174.39677111287222,True,5.787815798224646,1.1093414293695254,0.0507806830573827,3.88,0.3930737376213074,False,False,10.0,0.0,0.1852675068012786,False,ppo_flip+pid,10006
True,367.0431602069737,175.28494662397324,True,4.399286774873928,0.7193676027367468,0.05031261614931282,nan,0.4151500165462494,False,False,10.0,0.0,0.05104450716729834,False,ppo_flip+pid,10007
True,356.4283201783257,168.7970138956503,True,3.485758519852406,0.8551727492460066,0.03735650287126191,1.94,0.3825204372406006,False,False,10.0,0.0,0.1326639355983496,False,ppo_flip+pid,10008
False,357.5825825707139,173.24736475794535,True,5.1137620647349005,1.0910014853191157,0.06981545267626643,2.3800000000000003,0.4107937216758728,False,False,10.0,0.0,0.03754878789098488,False,ppo_flip+pid,10009
True,357.56481150532096,174.4803656723071,True,2.3459344076681425,0.7402266134289007,0.05004552355967462,3.58,0.40195000171661377,False,False,10.0,0.0,0.08829691950873406,False,ppo_flip+pid,10010
False,358.7395891012576,173.70669345922096,True,4.55738708490125,1.0397848024454002,0.028037675423547626,3.74,0.3886299729347229,False,False,10.0,0.0,0.13062035218312237,False,ppo_flip+pid,10011
True,353.6347751341909,169.67742663176625,True,5.138526053788411,0.9176877132480634,0.0488329422660172,0.9400000000000002,0.4001915752887726,False,False,10.0,0.0,0.07732090120217368,False,ppo_flip+pid,10012
True,360.57111709905007,174.79690857748201,True,3.9653891142709186,0.7060800719672149,0.053999207899323665,0.9800000000000002,0.4039095938205719,False,False,10.0,0.0,0.04893516066585007,False,ppo_flip+pid,10013
True,362.2725012897499,170.69746179070052,True,1.5826065026729768,0.5849142210351699,0.06361935776658356,3.54,0.39914166927337646,False,False,10.0,0.0,0.034164336104964235,False,ppo_flip+pid,10014
False,360.0963914877707,172.46901793068238,True,7.56451230317501,1.4102794637396356,0.041878713527694345,2.58,0.424614280462265,False,False,10.0,0.0,0.05220136302638033,False,ppo_flip+pid,10015
True,365.3090836691919,175.55749423674516,True,5.4264360310740685,0.7374483496743252,0.05714101018384099,0.9200000000000002,0.4055025279521942,False,False,10.0,0.0,0.2282449263099238,True,ppo_flip+pid,10016
False,358.3460760368997,169.53880172991532,True,5.375356517770051,1.0741793934452424,0.05461548501625657,2.44,0.42617592215538025,False,False,10.0,0.0,0.1427740036292845,False,ppo_flip+pid,10017
False,360.7943085150412,172.13802821932543,True,4.11477660028706,1.2983036643516064,0.05252790910890326,7.620000000000001,0.3972063660621643,False,False,10.0,0.0,0.04192427474018794,True,ppo_flip+pid,10018
True,362.34962197345993,168.1844900157507,True,2.909425011053013,0.8321166945926326,0.05572856939397752,6.34,0.42562103271484375,False,False,10.0,0.0,0.0931778133042329,False,ppo_flip+pid,10019
