stage,rank,candidate,nominal_ok,robust_k,robust_n,robust_rate,obs_noise_k,wind_k,perturbed_start_k,fitness_10s,max_travel_deg
stage1,1,"ME2_s1:4,5",True,30,30,1.0,10,10,10,-0.6924292973554204,409.02186516461484
stage1,2,"ME2_s1:5,6",True,30,30,1.0,10,10,10,-0.6983352859921879,405.3331804349044
stage1,3,"ME2_s2:4,6",True,30,30,1.0,10,10,10,-0.7021879130859485,397.7096241421021
stage1,4,"ME2:4,6",True,30,30,1.0,10,10,10,-0.7022849668375909,392.3551172022692
stage1,5,"ME2_s2:5,7",True,30,30,1.0,10,10,10,-0.7027783454987169,391.29642239762325
stage1,6,"ME2_s1:6,6",True,30,30,1.0,10,10,10,-0.7039791909134233,409.1151362810049
stage1,7,"ME2_s2:6,7",True,30,30,1.0,10,10,10,-0.708124310290755,391.10565757346797
stage1,8,"ME2_s1:4,7",True,30,30,1.0,10,10,10,-0.7108201558339616,416.76472925659647
stage1,9,"ME2_s1:5,8",True,30,30,1.0,10,10,10,-0.7112951262128873,409.3051189120347
stage1,10,"ME2:7,7",True,30,30,1.0,10,10,10,-0.7113672398504541,408.7827238140449
stage1,11,"ME2_s2:5,6",True,30,30,1.0,10,10,10,-0.7120948622563795,405.25131430545594
stage1,12,"ME2_s1:3,4",True,30,30,1.0,10,10,10,-0.7128608105945886,416.45452281064075
stage1,13,"ME2:7,8",True,30,30,1.0,10,10,10,-0.7133988134762893,399.1496610213608
stage1,14,"ME2_s1:6,5",True,30,30,1.0,10,10,10,-0.7145641845501474,407.6268044497855
stage1,15,"ME2_s2:5,5",True,30,30,1.0,10,10,10,-0.7173020650858184,412.45109459495814
stage1,16,"ME2:2,3",True,30,30,1.0,10,10,10,-0.7211867197384583,418.420434989659
stage1,17,"ME2:6,5",True,30,30,1.0,10,10,10,-0.7220113023633395,399.16866766544865
stage1,18,"ME2:4,4",True,30,30,1.0,10,10,10,-0.7224141599669769,404.8284907225446
stage1,19,"ME2:4,7",True,30,30,1.0,10,10,10,-0.7228516105848044,410.058918458162
stage1,20,"ME2_s2:7,7",True,30,30,1.0,10,10,10,-0.7248056870290377,401.83178744567726
stage1,21,"ME2:3,4",True,30,30,1.0,10,10,10,-0.7262906622621809,408.4155576995635
stage1,22,"ME2_s2:3,4",True,30,30,1.0,10,10,10,-0.7268264546764741,403.9048934095585
stage1,23,"ME2_s2:7,6",True,30,30,1.0,10,10,10,-0.7274200042698744,406.94871673408096
stage1,24,"ME2_s2:3,6",True,30,30,1.0,10,10,10,-0.727681734885819,390.4135872853555
stage1,25,"ME2:3,5",True,30,30,1.0,10,10,10,-0.7313479053081945,394.1028777389143
stage1,26,"ME2:7,6",True,30,30,1.0,10,10,10,-0.7340267539262318,398.08479252153205
stage1,27,"ME2_s2:4,4",True,30,30,1.0,10,10,10,-0.7360306999576542,398.74590813594955
stage1,28,"ME3:4,3",True,30,30,1.0,10,10,10,-0.7428255118943483,378.26766584561307
stage1,29,"ME1_s1:3,3",True,30,30,1.0,10,10,10,-0.7487011611042104,408.74193516436793
stage1,30,"ME1_s2:3,3",True,30,30,1.0,10,10,10,-0.7487511982087807,384.05797143354334
stage1,31,"ME1_s1:2,2",True,30,30,1.0,10,10,10,-0.749181317586472,385.0387507026896
stage1,32,"ME3:2,2",True,30,30,1.0,10,10,10,-0.7506255990937739,379.1831302604483
stage1,33,"ME3:3,4",True,30,30,1.0,10,10,10,-0.7508495358377476,377.73687142982965
stage1,34,"ME3:3,3",True,30,30,1.0,10,10,10,-0.7531918214879012,379.6168363377889
stage1,35,"ME1_s1:4,3",True,30,30,1.0,10,10,10,-0.7541764144772758,382.39521040497806
stage1,36,"ME3:4,4",True,30,30,1.0,10,10,10,-0.7568656950934016,377.3480576335957
stage1,37,"ME1:4,3",True,30,30,1.0,10,10,10,-0.7584836367098378,409.32760368372834
stage1,38,"ME1_s1:3,2",True,30,30,1.0,10,10,10,-0.7594596059613878,389.9373165223806
stage1,39,"ME1:4,4",True,30,30,1.0,10,10,10,-0.7660229232083009,386.15752493445507
stage1,40,"ME3:5,4",True,30,30,1.0,10,10,10,-0.7680818003186228,377.2592824222028
stage1,41,"ME1_s2:4,3",True,30,30,1.0,10,10,10,-0.7682204588039131,391.55122889006077
stage1,42,"ME1:3,3",True,30,30,1.0,10,10,10,-0.7683313640244968,390.05237967714766
stage1,43,"ME3:3,2",True,30,30,1.0,10,10,10,-0.7690748626009183,382.2141481268464
stage1,44,"ME1_s1:3,4",True,30,30,1.0,10,10,10,-0.7693386359750296,397.0826240706145
stage1,45,"ME1_s1:5,4",True,30,30,1.0,10,10,10,-0.7696089932613005,402.29417472558595
stage1,46,"ME1:5,4",True,30,30,1.0,10,10,10,-0.7708153821706705,403.11582206296583
stage1,47,"ME1:3,2",True,30,30,1.0,10,10,10,-0.7711293686128432,408.55343218194736
stage1,48,"ME1:2,3",True,30,30,1.0,10,10,10,-0.7760854459507959,382.4463461596774
stage1,49,"ME3:2,3",True,30,30,1.0,10,10,10,-0.777142954350925,380.02609698787575
stage1,50,"ME1_s1:5,3",True,30,30,1.0,10,10,10,-0.783474649742645,396.9807075392993
stage1,51,"ME1_s1:5,5",True,30,30,1.0,10,10,10,-0.7865177474458567,395.9216543567342
stage1,52,"ME3:5,5",True,30,30,1.0,10,10,10,-0.7884161331515058,378.23659814608357
stage1,53,"ME1:3,4",True,30,30,1.0,10,10,10,-0.7887957742711973,379.5490364581537
stage1,54,"ME1:2,2",True,30,30,1.0,10,10,10,-0.789338839890556,386.67012931872176
stage1,55,"ME3:2,1",True,30,30,1.0,10,10,10,-0.7906854510399577,376.0889560646373
stage1,56,"ME1_s2:2,2",True,30,30,1.0,10,10,10,-0.7912814238848426,387.24264572483713
stage1,57,"ME1_s1:4,5",True,30,30,1.0,10,10,10,-0.7931794849433055,391.4471667764411
stage1,58,"ME1_s1:4,4",True,30,30,1.0,10,10,10,-0.7934067400747833,400.41740711690966
stage1,59,"ME1:5,5",True,30,30,1.0,10,10,10,-0.795162209652191,384.20147202904207
stage1,60,"ME1_s2:3,4",True,30,30,1.0,10,10,10,-0.7986651088568066,401.16733855177387
stage1,61,"ME1_s2:4,5",True,30,30,1.0,10,10,10,-0.8031484494177533,381.75360597182083
stage1,62,"ME1_s2:6,5",True,30,30,1.0,10,10,10,-0.8056938060045714,417.8729860472421
stage1,63,default,True,30,30,1.0,10,10,10,-1.1171756352581208,377.0716092186714
stage1,64,"ME1:6,5",True,29,30,0.9666666666666667,10,10,9,-0.7867020321422559,426.7326442794503
stage1,65,"ME1_s2:3,2",True,29,30,0.9666666666666667,10,10,9,-0.7876019326432689,438.1234705658655
stage1,66,"ME1_s2:4,4",True,29,30,0.9666666666666667,10,10,9,-0.7907967462031581,424.89197733772767
stage1,67,"ME1_s2:4,2",True,29,30,0.9666666666666667,10,10,9,-0.800635268187271,440.02140225323114
stage1,68,"ME2_s1:7,8",True,28,30,0.9333333333333333,8,10,10,-0.7192062918197667,422.7967989913244
stage1,69,"ME2_s1:6,7",True,27,30,0.9,10,10,7,-0.7176958085613624,435.03328209961813
stage1,70,"ME1_s2:5,4",True,23,30,0.7666666666666667,10,10,3,-0.7854289907490103,429.40555578648616
stage1,71,"ME2_s1:6,9",True,19,30,0.6333333333333333,1,10,8,-0.7112497444527779,456.95524020424995
confirmation,1,"ME2_s1:4,5",True,150,150,1.0,50,50,50,-0.6924292973554204,415.3156303366237
confirmation,2,"ME2_s1:5,6",True,150,150,1.0,50,50,50,-0.6983352859921879,419.0330886858282
confirmation,3,"ME2_s2:4,6",True,150,150,1.0,50,50,50,-0.7021879130859485,401.8909892720519
confirmation,4,"ME2:4,6",True,150,150,1.0,50,50,50,-0.7022849668375909,411.3784759261699
confirmation,5,"ME2_s2:5,7",True,150,150,1.0,50,50,50,-0.7027783454987169,393.08558670030527
