success_quick,rotation_deg,max_tilt_deg,passed_inverted,final_tilt_deg,final_rate,altitude_loss_m,time_to_recover_s,control_effort,terminated,integrator_error,episode_s,return,success_detector,controller,seed
True,362.7522129818125,165.7256441966835,True,3.165720650952555,0.6394356864324885,0.11056373594328761,4.66,0.3752351403236389,False,False,10.0,0.0,False,ppo_flip,10000
False,363.11542834386955,172.21974151417533,True,5.316285774048608,1.0310226919766274,0.10096129681915045,1.88,0.3741763234138489,False,False,10.0,0.0,False,ppo_flip,10001
True,363.87248501947136,171.89069641618195,True,5.063034254700135,0.7687989970839674,0.0854465194279328,4.42,0.3711642920970917,False,False,10.0,0.0,False,ppo_flip,10002
False,359.6640370612612,168.17342899238056,True,5.2455050927331595,1.1641018203946982,0.09307166934013367,2.38,0.37601760029792786,False,False,10.0,0.0,False,ppo_flip,10003
False,366.7754501611845,165.3603100051909,True,7.266938093104508,1.1874638492054783,0.14601624407805502,5.44,0.38047465682029724,False,False,10.0,0.0,False,ppo_flip,10004
False,360.02050676060753,175.64197068583368,True,3.108391303004691,1.0784634014275039,0.1292039513355121,3.06,0.3830920457839966,False,False,10.0,0.0,True,ppo_flip,10005
False,364.4759220128044,172.28599172988174,True,5.106038046987372,1.1000843681575971,0.1655311465729028,3.8000000000000003,0.3547607362270355,False,False,10.0,0.0,True,ppo_flip,10006
True,369.0259544094845,174.2222710477595,True,3.3985183806744357,0.8071391200083613,0.23414783946645912,nan,0.40273967385292053,False,False,10.0,0.0,False,ppo_flip,10007
False,358.58696520094,171.12398047261385,True,4.765502540905369,1.0169477954660318,0.16941204995964654,1.9,0.38392174243927,False,False,10.0,0.0,True,ppo_flip,10008
False,354.06643387364915,178.9142466212262,True,7.081564382943882,1.086087604007357,0.15165960369631648,2.3000000000000003,0.3716963529586792,False,False,10.0,0.0,False,ppo_flip,10009
True,357.9028853386485,173.43816944518986,True,2.5717864784656013,0.7719229444635303,0.1487251257058233,3.5,0.39901915192604065,False,False,10.0,0.0,False,ppo_flip,10010
False,358.258216428117,168.89334770535748,True,4.215330020370314,1.2297488679147466,0.11823672312311828,1.24,0.37967145442962646,False,False,10.0,0.0,False,ppo_flip,10011
True,354.5851501401024,170.75228294332427,True,4.895327432712292,0.9772281598948774,0.12909476133063436,1.0,0.3633752465248108,False,False,10.0,0.0,False,ppo_flip,10012
True,360.64891696002906,178.18770938821623,True,4.447714237311027,0.7534258213640139,0.2080322429392254,2.2600000000000002,0.38170015811920166,False,False,10.0,0.0,False,ppo_flip,10013
True,362.7550902964515,172.37511469087318,True,1.7958766532470412,0.6358702548834504,0.08673476916737854,3.48,0.3663770258426666,False,False,10.0,0.0,True,ppo_flip,10014
False,359.01509879479016,171.73931779800685,True,6.5528343328559,1.2601941153760994,0.10229033813811839,2.5,0.4120842516422272,False,False,10.0,0.0,False,ppo_flip,10015
True,365.48382512489974,168.1415041713707,True,5.233594107363643,0.6954926685638293,0.1109679532237351,0.96,0.3825070559978485,False,False,10.0,0.0,True,ppo_flip,10016
False,359.831312135698,179.01525354503306,True,3.7807850644892103,1.1409381139169272,0.12108908081427217,2.6,0.40304115414619446,False,False,10.0,0.0,False,ppo_flip,10017
False,363.8430442590175,178.5318802561582,True,3.98517755384177,1.3602747907414607,0.0662323990254663,5.960000000000001,0.3757520914077759,False,False,10.0,0.0,True,ppo_flip,10018
True,359.5260244599637,171.11175466238006,True,3.307622566353105,0.829606743763334,0.18524293950758874,5.98,0.3781854808330536,False,False,10.0,0.0,False,ppo_flip,10019
