controller,seed,success,failure_mode,terminated,duration_s,final_tilt_deg,final_omega,max_alt_loss_m,t_flip_s,t_recovered_s,control_effort,revolution_deg,pitch_travel_deg
map_elites_final,0,False,never inverted,False,10.000000000000163,5.2393203046707875,0.27467891452961557,0.5225002370113535,1.5099999999999898,,6.494454053365281,359.99920251388403,393.89069572213555
map_elites_final,1,False,no final hold,False,10.000000000000163,7.823085372325509,0.9931586163443408,0.5422090915053789,1.5399999999999892,,6.161816644093603,361.59312555702434,408.0886215610953
map_elites_final,2,False,no final hold,False,10.000000000000163,7.18362477519744,0.9411067303143191,0.4066637668075179,1.5099999999999898,,5.93870652143283,352.8299305929397,384.4171117182444
map_elites_final,3,False,over-rotation,False,10.000000000000163,13.455791145963657,0.20869792760462638,0.5229179177833665,1.5349999999999893,,6.021294354827298,371.18588871165304,403.4579121758515
map_elites_final,4,False,never inverted,False,10.000000000000163,7.02873557274669,0.4830917713651381,0.6099257835267007,1.49999999999999,,6.742012210886783,360.9094780539541,377.5784117098826
map_elites_final,5,False,no final hold,False,10.000000000000163,8.051466999200098,0.5005109491051214,0.6046320188516958,1.5149999999999897,,6.41814996854347,361.15984588855986,382.962493028332
map_elites_final,6,False,no final hold,False,10.000000000000163,5.836616409320229,1.964900711676713,0.4537945445082715,1.5149999999999897,,5.8703150843274585,365.29010914041214,391.0954104044594
map_elites_final,7,False,no final hold,False,10.000000000000163,3.6701089648974796,1.6643339290117591,0.500604082902197,1.5099999999999898,,5.632256423511405,356.07719014552066,367.8871689952667
map_elites_final,8,False,never inverted,False,10.000000000000163,8.84630509132329,0.31629115447072653,0.4401421754933713,1.49999999999999,,5.498546602255476,354.2714889841447,372.0942908137358
map_elites_final,9,False,never inverted,False,10.000000000000163,5.081542445489562,0.8707967020578425,0.4854359038147106,1.5249999999999895,,5.9246432403295755,361.630230613663,390.23253308775156
map_elites_final,10,False,no final hold,False,10.000000000000163,4.900757196065198,0.4990722104999199,0.5103054778146452,1.5349999999999893,,5.765528757886795,364.8890628727354,395.5250529733597
map_elites_final,11,False,no final hold,False,10.000000000000163,5.951502810424076,1.0329482617359635,0.5491311475280056,1.5099999999999898,,6.079350830095713,365.6830195584428,377.8947112119113
map_elites_final,12,False,no final hold,False,10.000000000000163,7.606974496445895,0.1802104418492119,0.5247267379201704,1.5199999999999896,,5.569595190971627,366.19855205996913,368.92809765633825
map_elites_final,13,False,no final hold,False,10.000000000000163,3.2878959174496445,0.47976839665910403,0.5476685117576208,1.5099999999999898,,5.655556857526001,360.3374060692287,385.9038690441436
map_elites_final,14,False,no final hold,False,10.000000000000163,0.9902663043565532,0.3867958051625603,0.5093371386531093,1.5099999999999898,,5.588659308852568,359.7472925321874,384.8947192993214
map_elites_final,15,False,never inverted,False,10.000000000000163,2.8478145875569196,0.923596784971974,0.5272629673499719,1.5249999999999895,,6.345077228965943,363.7775686437261,405.59084933950675
map_elites_final,16,False,never inverted,False,10.000000000000163,5.359266074985178,0.626002492290545,0.6543970974125071,1.49999999999999,,5.415006149536493,362.4849015812304,392.09300579678495
map_elites_final,17,False,no final hold,False,10.000000000000163,6.37215093058361,1.2557273434429987,0.5650084388914658,1.5199999999999896,,5.979095096150955,355.1693477956309,368.379543636326
map_elites_final,18,False,no final hold,False,10.000000000000163,3.178375481852466,0.5842956253251796,0.4882457786225188,1.5299999999999894,,5.777356179155325,362.2098451569603,371.53871521690763
map_elites_final,19,False,never inverted,False,10.000000000000163,14.494382473160368,1.0068777581902262,0.4836034226646787,1.5249999999999895,,5.8640330371675,352.4673193020144,385.81045272196206
map_elites_final,20,False,never inverted,False,10.000000000000163,7.930909536231995,0.5482508783299427,0.8608784380541997,1.49999999999999,,5.890594330672782,359.0444998580586,402.76867346388525
map_elites_final,21,False,no final hold,False,10.000000000000163,2.936207505053937,1.2542029742554528,0.6163214133069931,1.4949999999999901,,6.092273192062926,358.1497817505398,372.91689233433874
map_elites_final,22,False,never inverted,False,10.000000000000163,2.882804428253775,0.5647434865524951,0.6059444979063393,1.49999999999999,,5.707359815833826,354.56758796166525,364.1077724235229
map_elites_final,23,False,no final hold,False,10.000000000000163,2.053391925663247,1.6864602690048818,0.5213623778341835,1.4849999999999903,,5.828976645189149,358.9534541356609,357.15961447759486
map_elites_final,24,False,never inverted,False,10.000000000000163,5.377490869410942,1.0108676118647062,0.5632555398556208,1.5149999999999897,,5.729970858782756,361.2487237995056,398.67251647128916
map_elites_final,25,False,no final hold,False,10.000000000000163,6.46714265291908,0.9147375572571256,0.41932073341353737,1.49999999999999,,5.856383462294787,357.57684173653405,363.9103760471665
map_elites_final,26,False,no final hold,False,10.000000000000163,8.721701298460259,1.1981486796919876,0.4232478308570825,1.4899999999999902,,6.248525130074246,370.9140398280369,393.267559151493
map_elites_final,27,False,no final hold,False,10.000000000000163,1.5053968854653927,0.22466717583153,0.5477288323622369,1.5299999999999894,,5.881111434990367,359.1414271965539,381.1039910639723
map_elites_final,28,False,no final hold,False,10.000000000000163,7.2109164699996136,0.6942308321077393,0.6170372160339912,1.49999999999999,,6.049778855915326,353.37174745078204,366.29699390197896
map_elites_final,29,False,no final hold,False,10.000000000000163,2.5687599118115756,1.7737623052752065,0.49594848347622134,1.50499999999999,,5.434982142452454,361.7603682381017,360.1168230667509
map_elites_final,30,False,never inverted,False,10.000000000000163,2.4997783061145813,1.242622981820604,0.40081375030250993,1.5099999999999898,,5.770349213900806,361.0327596513837,397.09338245555944
map_elites_final,31,False,never inverted,False,10.000000000000163,3.5961703972411225,0.29311774198510876,0.5490766413187811,1.5249999999999895,,5.995865836173868,357.65454573905487,388.9356931290615
map_elites_final,32,False,never inverted,False,10.000000000000163,5.731818529485658,1.0010369801094932,0.4514290483982046,1.50499999999999,,6.1512128402417,356.4574808239612,402.3180230372546
map_elites_final,33,False,no final hold,False,10.000000000000163,5.359347648462093,0.492708017188527,0.498503378212843,1.5099999999999898,,5.987127414423937,364.100114432343,371.86372494651584
map_elites_final,34,False,no final hold,False,10.000000000000163,6.711140650032921,0.2651417414351402,0.4891523470005578,1.5149999999999897,,5.729531629258604,364.52317113526937,369.1567907263369
map_elites_final,35,False,no final hold,False,10.000000000000163,9.36125001770405,0.8647690228792012,0.5223766524731704,1.50499999999999,,5.693490292371582,352.3575142822427,369.14239822826187
map_elites_final,36,False,no final hold,False,10.000000000000163,3.8318948280673104,1.1333723982152326,0.5718270800755872,1.50499999999999,,5.7891318516276735,364.3176196035223,365.78178638536525
map_elites_final,37,False,no final hold,False,10.000000000000163,7.502632074506761,0.4549800369176232,0.5354348718795578,1.5149999999999897,,5.85629547593061,352.8311392547348,365.6826509737352
map_elites_final,38,False,no final hold,False,10.000000000000163,3.871796284952567,0.9078010671599287,0.44938015313444457,1.5149999999999897,,5.6994255433666385,356.8522852408621,382.81458908189256
map_elites_final,39,False,no final hold,False,10.000000000000163,4.575803032495064,0.7434390061779761,0.5448720778771068,1.49999999999999,,6.070201809423048,362.7615931102141,373.8947959820062
map_elites_final,40,False,no final hold,False,10.000000000000163,4.975003651014058,0.8831229967514472,0.7112655377299903,1.5249999999999895,,6.266476707669493,362.4252289962311,385.8488296473423
map_elites_final,41,False,no final hold,False,10.000000000000163,7.914124385874568,0.4855627819207732,0.3415552394836512,1.5249999999999895,,5.040172178190392,363.4830380737693,387.45963011147876
map_elites_final,42,False,no final hold,False,10.000000000000163,2.036892266381002,0.10421342494602498,0.45659832611025963,1.5149999999999897,,6.586895671657423,360.3255607565357,389.1087351709822
map_elites_final,43,False,never inverted,False,10.000000000000163,6.4743754674907805,0.840844299095494,0.7154738944720431,1.5249999999999895,,5.586369821419507,362.6828881926119,405.9170183658037
map_elites_final,44,False,never inverted,False,10.000000000000163,7.636748828584298,0.08814235092922096,0.5742102880714888,1.5199999999999896,,6.1392518776561555,365.5379632131115,394.744830395138
map_elites_final,45,False,never inverted,False,10.000000000000163,7.173486503998024,1.21736027021114,0.6022186686132979,1.50499999999999,,5.386116721141774,360.02839801639664,372.6230572185258
map_elites_final,46,False,no final hold,False,10.000000000000163,10.182260311363844,0.4713224047554364,0.47051691557120356,1.5099999999999898,,5.780324557237479,366.31555587624865,383.7573569699051
map_elites_final,47,False,no final hold,False,10.000000000000163,2.491247829607822,0.6517461788810013,0.4756040868548006,1.49999999999999,,6.212194848940537,357.4630889071484,374.8248170289598
map_elites_final,48,False,no final hold,False,10.000000000000163,12.342965123852641,0.7565960863187237,0.523281111436814,1.50499999999999,,5.758199784443974,370.521247233742,375.93834083562143
map_elites_final,49,False,no final hold,False,10.000000000000163,5.244968529536592,0.8278314911955557,0.43096504671779556,1.5349999999999893,,5.97511888276972,364.8244520195184,404.3435860674196
three_phase_default,0,False,no final hold,False,10.000000000000163,7.40591343655498,0.38001493409755693,0.22319832786065572,0.6050000000000004,,4.0550920306847775,358.008296217898,364.43174559862143
three_phase_default,1,False,never inverted,False,10.000000000000163,7.524320566572384,1.4851187087332807,0.22457516142531253,0.6300000000000004,,3.919122080147246,363.2363849630738,376.54634888194795
three_phase_default,2,False,no final hold,False,10.000000000000163,8.074772616321992,0.6292291304568792,0.16205182400511142,0.6050000000000004,,3.887965354341592,351.4645257383295,362.1440716175224
three_phase_default,3,False,no final hold,False,10.000000000000163,14.227442644864798,0.7334587399481948,0.2072199464279043,0.6150000000000004,,3.805263014621569,371.6017732935902,358.45993620400566
three_phase_default,4,False,no final hold,False,10.000000000000163,11.116895959634855,0.9121172947554618,0.1852776330122699,0.6100000000000004,,4.181926213064524,356.9293015299712,362.5962895053416
three_phase_default,5,False,no final hold,False,10.000000000000163,9.414462692773936,0.9111147073299222,0.17360024430918788,0.5850000000000004,,3.9696154892389255,363.91451058263607,356.19701893365277
three_phase_default,6,False,never inverted,False,10.000000000000163,7.796987627727275,2.116826410591115,0.19214320134826154,0.5950000000000004,,3.877033113257574,367.1370412819712,368.6753370212351
three_phase_default,7,False,never inverted,False,10.000000000000163,2.836424771648845,1.4630050516242061,0.16171326975172207,0.5950000000000004,,3.704676922221142,355.6208951279538,351.6159633274585
three_phase_default,8,False,never inverted,False,10.000000000000163,11.875782536340077,0.19147364865962171,0.17881246907876394,0.5900000000000004,,3.7332466918237213,347.48155549183116,353.328076620123
three_phase_default,9,False,never inverted,False,10.000000000000163,6.207037034215618,1.0702300814164176,0.14547773433385244,0.6050000000000004,,3.866489786956495,356.14615403698554,388.4092366816324
three_phase_default,10,False,no final hold,False,10.000000000000163,2.7674993270004182,0.7897414425531711,0.21986028889400294,0.6250000000000004,,3.7323035960051403,363.8674496668984,365.40248564506584
three_phase_default,11,False,no final hold,False,10.000000000000163,8.934850881207486,1.1595044581057183,0.2347516356587007,0.5950000000000004,,3.785056177501569,367.3458444686924,354.23662527427405
three_phase_default,12,False,no final hold,False,10.000000000000163,12.517901684253856,0.20756125805785444,0.24462972491934593,0.6050000000000004,,3.6356394033958503,368.07735384523437,354.8046806705143
three_phase_default,13,False,no final hold,False,10.000000000000163,2.99476572570009,0.5727723943940427,0.21883775198377758,0.5900000000000004,,3.5891386313671676,361.22184016357903,355.6320322699533
three_phase_default,14,False,never inverted,False,10.000000000000163,2.4336976266563446,0.42335464975908815,0.20131610782974493,0.6100000000000004,,3.730420666096276,357.049118195895,360.1953687238134
three_phase_default,15,False,never inverted,False,10.000000000000163,2.82407457068449,0.7674275759313448,0.21509468795993986,0.6000000000000004,,3.947631989579714,362.2621926113778,352.87708135684653
three_phase_default,16,False,no final hold,False,10.000000000000163,5.609644816524169,0.9055999099617975,0.18592895116671684,0.6050000000000004,,3.4509519351704427,363.1773414078867,352.63289706128415
three_phase_default,17,False,never inverted,False,10.000000000000163,7.389484217731599,1.1912890952709612,0.2589640816085997,0.6050000000000004,,3.9142891349840006,352.41156751091,374.52623300646883
three_phase_default,18,False,no final hold,False,10.000000000000163,3.5521877542523352,0.5743196812357437,0.1667144839451145,0.6050000000000004,,3.8024854835650865,364.1873758398978,356.60734128197583
three_phase_default,19,False,never inverted,False,10.000000000000163,17.75053987443165,1.3298092130351513,0.23956347075156836,0.6100000000000004,,3.733249078891121,352.7959893461805,354.7539530738766
three_phase_default,20,False,no final hold,False,10.000000000000163,7.959475106862851,0.711332573686751,0.15036896378594417,0.6100000000000004,,3.667739123577673,361.7312984017591,353.1326244408351
three_phase_default,21,False,no final hold,False,10.000000000000163,3.343190674832065,1.0670651417656214,0.3075019519531056,0.6000000000000004,,3.765214643082829,358.2638091736877,352.43737016093644
three_phase_default,22,False,no final hold,False,10.000000000000163,2.3831558040191134,0.7203124060357745,0.1939306939266885,0.5950000000000004,,3.545610691312267,357.7847331216245,352.27046892374926
three_phase_default,23,False,no final hold,False,10.000000000000163,3.4532456574500063,1.40913513667114,0.2013925166582747,0.6000000000000004,,3.635575657193443,358.44733615246633,352.51990943547656
three_phase_default,24,False,no final hold,False,10.000000000000163,8.01996843426029,1.1719829592506816,0.2530751168272717,0.6150000000000004,,3.537800234443576,356.7982454845309,355.8192260505104
three_phase_default,25,False,no final hold,False,10.000000000000163,6.705122041092053,1.7019463443090013,0.18876441165120222,0.5950000000000004,,3.7499998691999816,356.7432360856781,355.91838446224745
three_phase_default,26,False,no final hold,False,10.000000000000163,8.706045282053793,1.3508752463650695,0.14880356094955852,0.5850000000000004,,4.040320155606111,368.89682016164454,351.6504179860632
three_phase_default,27,False,no final hold,False,10.000000000000163,4.410928786909348,0.43559801773029566,0.1978922385195248,0.6000000000000004,,3.761808945452015,358.5443181249616,351.9888025660199
three_phase_default,28,False,no final hold,False,10.000000000000163,11.296473057465887,0.5113054897401291,0.2857266275199706,0.6100000000000004,,3.8861620396136676,352.19219631855884,356.93450581282434
three_phase_default,29,False,never inverted,False,10.000000000000163,4.689654054195738,2.008776672158788,0.1981790780478913,0.5950000000000004,,3.6757648608340068,361.0822167507309,355.84944186742024
three_phase_default,30,False,no final hold,False,10.000000000000163,4.429836652263521,0.8102776011237479,0.1616678381347495,0.6150000000000004,,3.7749479661951377,361.54212209387276,366.06444716726014
three_phase_default,31,False,no final hold,False,10.000000000000163,2.785826259869955,0.28495207105572706,0.21156440409170452,0.6300000000000004,,3.768325864402623,356.3517014218202,385.975125880456
three_phase_default,32,False,never inverted,False,10.000000000000163,6.860454618071668,1.126737728712427,0.2164725542156035,0.6100000000000004,,3.8531534722188825,359.1991964745226,353.53282533898084
three_phase_default,33,False,never inverted,False,10.000000000000163,2.856428602883332,0.597908708370551,0.21132000059843292,0.5950000000000004,,3.9608216023318303,359.67422554809474,355.80880341888894
three_phase_default,34,False,no final hold,False,10.000000000000163,7.950145832127877,0.36989758329858047,0.1852073264882385,0.6050000000000004,,3.6077348184648166,366.830079756733,356.72222355535115
three_phase_default,35,False,no final hold,False,10.000000000000163,14.213581526232373,0.6795694039482547,0.20068353249467566,0.5900000000000004,,3.736697456394914,348.4544725397193,362.16464732456166
three_phase_default,36,False,no final hold,False,10.000000000000163,7.089371050268535,1.25234128147395,0.21203474332659633,0.6050000000000004,,3.6985748600734016,366.0683607247517,355.51216297220554
three_phase_default,37,False,no final hold,False,10.000000000000163,10.536024016986675,0.34094634959151227,0.21370478983376198,0.6150000000000004,,3.670229846230532,349.94225786643807,352.73297299332546
three_phase_default,38,False,no final hold,False,10.000000000000163,5.298993189257685,1.142794667438017,0.15061656836675588,0.6050000000000004,,3.7451447464926533,353.9738402414532,366.67785552017824
three_phase_default,39,False,no final hold,False,10.000000000000163,3.639620906671976,0.6477435939484693,0.2182521262714955,0.6000000000000004,,3.8546307337192887,359.17536283352837,352.8039572195635
three_phase_default,40,False,no final hold,False,10.000000000000163,5.693131302585433,0.6466971637097435,0.33439457177700455,0.6300000000000004,,3.962877306074986,363.2633743380594,368.27829661445287
three_phase_default,41,False,no final hold,False,10.000000000000163,7.769893944474505,0.4942666557191865,0.10667839280672109,0.6050000000000004,,3.345668175621181,362.84759017881805,375.0232838607185
three_phase_default,42,False,no final hold,False,10.000000000000163,4.641899133240757,0.501725283778407,0.18296199396459173,0.6100000000000004,,4.19792686209684,363.4016766024293,362.12813522744136
three_phase_default,43,False,no final hold,False,10.000000000000163,9.533034664315045,1.2905008136550062,0.21597189661871116,0.6200000000000004,,3.633644046009344,359.94014859319196,358.1518578391382
three_phase_default,44,False,never inverted,False,10.000000000000163,8.635769393062517,0.421495079947925,0.21972131121504018,0.6150000000000004,,3.878184789577028,364.7148829934619,382.4492163214392
three_phase_default,45,False,no final hold,False,10.000000000000163,6.035836739339381,2.0770715395493937,0.13276654707888363,0.6050000000000004,,3.4898656956291916,362.3557736486314,352.89875444807336
three_phase_default,46,False,never inverted,False,10.000000000000163,10.517045177110184,1.0179844789292496,0.18865708630988118,0.6200000000000004,,3.7400355827008385,367.47486070322094,371.4383444359908
three_phase_default,47,False,no final hold,False,10.000000000000163,2.8806802569131875,1.1625486645676755,0.18956170544929418,0.6050000000000004,,3.8773449913610434,357.7535811615415,361.7961114879541
three_phase_default,48,False,no final hold,False,10.000000000000163,13.063137061718503,0.7684419974398802,0.20199442377123808,0.5900000000000004,,3.6721228723094823,369.792977711598,352.23005783652246
three_phase_default,49,False,never inverted,False,10.000000000000163,5.440652288105754,0.6080055822089391,0.16519001774490397,0.6150000000000004,,3.6513237066210973,364.8556734405763,370.35834966087833
scripted_flip,0,False,no final hold,False,10.000000000000163,5.442041758291384,0.4420164299266499,0.003208479534833438,1.3699999999999928,,4.014729151272484,360.16342069498046,378.3469180907159
scripted_flip,1,False,no final hold,False,10.000000000000163,8.156698411437239,1.3868677034878674,0.003842337033763523,1.2999999999999943,,3.970649726859728,363.2172657653672,383.33273791458413
scripted_flip,2,False,no final hold,False,10.000000000000163,3.4973458055274578,0.4055537469170929,0.0019161461146262485,1.4449999999999912,,3.82079140856892,357.0112732919446,375.0112151014061
scripted_flip,3,False,no final hold,False,10.000000000000163,12.301035744168901,0.30341197025897715,0.02610859614933438,1.3649999999999929,,3.81548633773593,370.57695968669753,395.63019313398024
scripted_flip,4,False,no final hold,False,10.000000000000163,8.11854714559449,0.7600239121422485,0.025789688670730344,1.4749999999999905,,3.934920874031197,360.1130870823325,378.7630556309232
scripted_flip,5,False,no final hold,False,10.000000000000163,8.490895812343998,0.47949959246926044,0.0189962196533306,1.4649999999999908,,3.963039925196047,364.64832277984857,372.6679860379538
scripted_flip,6,False,no final hold,False,10.000000000000163,10.40474791674771,1.08325039860394,0.004000723834612262,1.2849999999999946,,3.8559488952268337,369.411688204659,382.1265367305159
scripted_flip,7,False,no final hold,False,10.000000000000163,2.379914704277988,1.5778151333310069,0.0054021720820288,1.359999999999993,,3.7610993572693037,359.6020805533796,372.98018964570974
scripted_flip,8,False,no final hold,False,10.000000000000163,6.456983398682439,0.5751426882799905,0.0,1.3999999999999921,,3.6533853248260337,354.01535477200616,391.5199957300317
scripted_flip,9,False,no final hold,False,10.000000000000163,6.834343644749411,0.6609704273907455,0.0037828408000250362,1.409999999999992,,3.7952459395820752,361.4516158650022,401.7317369039239
scripted_flip,10,False,no final hold,False,10.000000000000163,3.2895898886641857,0.8256842675818972,0.0,1.2949999999999944,,3.657284808415771,364.9070110554073,380.5368430694121
scripted_flip,11,False,never inverted,False,10.000000000000163,4.185306356813451,1.373861304089407,0.0,1.4699999999999906,,3.8537198310096437,362.96279754939644,384.23299818724877
scripted_flip,12,False,no final hold,False,10.000000000000163,7.971335611408064,0.9802217519733953,0.00549337780567329,1.3899999999999924,,3.6665401901024035,365.4589827566234,369.9778721541616
scripted_flip,13,False,no final hold,False,10.000000000000163,1.474918641876237,0.5691877799200936,0.019437542341775662,1.5599999999999887,,3.7227248177278582,359.62491621110195,398.9546866703464
scripted_flip,14,False,no final hold,False,10.000000000000163,3.9329628504278165,0.5890628316408655,0.022620993551893676,1.264999999999995,,3.683266511138616,355.6793139244692,390.1329652636377
scripted_flip,15,False,no final hold,False,10.000000000000163,0.6614338317967595,1.0664188413309053,0.022503244360214995,1.3899999999999924,,3.935138768632927,360.3055082737359,391.5538561613176
scripted_flip,16,False,no final hold,False,10.000000000000163,6.662166512486216,0.3967933470331087,0.03951734436042489,1.3349999999999935,,3.7207990622589096,364.95098325704595,390.6175475555405
scripted_flip,17,False,no final hold,False,10.000000000000163,4.834366463553213,1.6109259371916171,0.013191130536829554,1.354999999999993,,3.845605274101749,356.90706614728606,374.3670265078943
scripted_flip,18,False,never inverted,False,10.000000000000163,4.181458230429836,0.8631484320571604,0.01549221329351707,1.3299999999999936,,3.7807832010447155,363.6823405982858,368.5674137524889
scripted_flip,19,False,no final hold,False,10.000000000000163,13.093111524849451,1.7163353708057734,0.005899757956464568,1.4399999999999913,,3.7733909893910407,351.0352060059971,375.12483417157483
scripted_flip,20,False,no final hold,False,10.000000000000163,6.426437391854795,0.6599531852253515,0.04232851974547844,1.4399999999999913,,3.689112588837998,364.0345682880213,388.8538723838776
scripted_flip,21,False,no final hold,False,10.000000000000163,2.782967792522,0.6409693093128732,0.00653373086135558,1.2799999999999947,,3.9599753635029544,356.8009512882425,378.59233529198286
scripted_flip,22,False,no final hold,False,10.000000000000163,3.5202058938453726,0.28121528959049097,0.0129618202766898,1.6099999999999877,,3.6850342298270045,357.31783267635177,370.4384309155149
scripted_flip,23,False,no final hold,False,10.000000000000163,0.6410898191447617,1.5316525424804728,0.002223684284779939,1.3199999999999938,,3.7980221238898695,360.1950699953341,369.3994388835396
scripted_flip,24,False,no final hold,False,10.000000000000163,4.845039156745964,0.8513316763298848,0.0001684841713570274,1.3249999999999937,,3.7117962534426954,361.3699842623241,378.1190766308314
scripted_flip,25,False,no final hold,False,10.000000000000163,7.870083623969416,1.0505072025885362,0.0,1.3749999999999927,,3.864590870400157,360.28707020724,366.8824105962258
scripted_flip,26,False,no final hold,False,10.000000000000163,8.677747909907566,0.7874845844481188,0.0029780037664199036,1.2549999999999952,,3.9645351953531702,368.3889637019938,386.7402021591202
scripted_flip,27,False,no final hold,False,10.000000000000163,4.251189270442982,0.30358775120113596,0.0,1.409999999999992,,3.7700720499052887,357.49277356523635,374.45616337206917
scripted_flip,28,False,no final hold,False,10.000000000000163,7.409398349658278,0.8350139149611296,0.00016944481188615378,1.2949999999999944,,3.9871610453269666,353.2572904533315,369.0688716444286
scripted_flip,29,False,no final hold,False,10.000000000000163,3.946308821266193,2.0384828303092,0.0001027564977355479,1.3199999999999938,,3.654002044504277,361.07834752668435,365.5429281855023
scripted_flip,30,False,no final hold,False,10.000000000000163,0.3673770546840247,1.085965325328781,0.011176988009151059,1.354999999999993,,3.7326069073678165,360.0245782795343,370.19947543207707
scripted_flip,31,False,no final hold,False,10.000000000000163,0.819225398691959,0.7348337306142658,0.01783308329090295,1.6049999999999878,,3.786745142007263,359.6026096039674,396.4226893006391
scripted_flip,32,False,no final hold,False,10.000000000000163,4.6849758664176795,0.9725508731253667,0.00371494804826521,1.2599999999999951,,3.8862797642923708,364.14580822752316,388.64749619026816
scripted_flip,33,False,no final hold,False,10.000000000000163,3.6452487805797706,0.5604909940409698,0.0,1.3699999999999928,,3.8153612377582538,361.6956254387803,389.02192165178604
scripted_flip,34,False,no final hold,False,10.000000000000163,6.123877750597846,0.5028669668678168,0.011508877849171649,1.2949999999999944,,3.8797369713452508,364.9529826379279,370.9467006303115
scripted_flip,35,False,no final hold,False,10.000000000000163,8.046795333667614,1.4847886909297074,0.005267587306534649,1.3999999999999921,,3.7882179352974705,352.80587866876607,377.1885495059624
scripted_flip,36,False,no final hold,False,10.000000000000163,3.6893744201864282,1.2877438011488254,0.020669704823543505,1.4749999999999905,,3.8557564966063858,360.526309927858,369.6090066931905
scripted_flip,37,False,no final hold,False,10.000000000000163,7.20191092480311,1.0468331025773159,0.0,1.2949999999999944,,3.7779449888480654,353.2668879820386,376.6099848434513
scripted_flip,38,False,no final hold,False,10.000000000000163,3.069402246126506,1.1048863319406164,0.03697936194432067,1.3249999999999937,,3.7674325605822157,359.46888991137337,390.44663817473895
scripted_flip,39,False,no final hold,False,10.000000000000163,2.8338885771808493,0.6949700319680027,0.030971565359262473,1.269999999999995,,4.04575334457538,363.1612235626491,397.2166636113102
scripted_flip,40,True,success,False,10.000000000000163,3.635446005064589,0.7229818997451737,0.0037829108197865715,1.3449999999999933,9.605000000000164,3.881177321798615,361.5758879334544,371.1777280201733
scripted_flip,41,False,no final hold,False,10.000000000000163,7.691092074959807,0.32514399796554894,0.0002983281276048415,1.4649999999999908,,3.592044892949531,364.3493056554843,382.9453569136407
scripted_flip,42,False,no final hold,False,10.000000000000163,4.6166938657180365,0.16698628016053788,0.005404216327626733,1.4349999999999914,,3.9407670399981822,362.9223338120725,374.0191452306421
scripted_flip,43,False,no final hold,False,10.000000000000163,5.230387424323618,1.1083075941775182,0.021323686448193623,1.3049999999999942,,3.8376364767228677,355.70214191351874,387.94577012561064
scripted_flip,44,False,no final hold,False,10.000000000000163,6.218315291169771,0.0504184701562747,0.02746658115819411,1.3699999999999928,,3.747503147460174,365.66829224567084,373.9805015035233
scripted_flip,45,False,no final hold,False,10.000000000000163,9.621900542713233,1.2950077208316528,0.03336457691178512,1.2799999999999947,,3.7236656927951195,364.00160506344116,377.67530651991046
scripted_flip,46,False,no final hold,False,10.000000000000163,10.112864434378663,0.5213474216843458,0.003095137188164774,1.3399999999999934,,3.8524427102145924,366.572930030334,394.00991657385777
scripted_flip,47,False,no final hold,False,10.000000000000163,6.1399551055840265,0.30667938106926457,0.010149364833927099,1.4349999999999914,,3.914383403037566,353.3628662147215,368.8765942390338
scripted_flip,48,False,never inverted,False,10.000000000000163,9.899582231848017,0.42908348262044266,0.0,1.4249999999999916,,3.837268268458562,367.65028716881415,384.9617739697903
scripted_flip,49,False,no final hold,False,10.000000000000163,5.525122049547446,1.2905427680406898,0.0352428108052873,1.2999999999999943,,3.6699996822817877,365.333914518946,391.38923765220443
