controller,seed,success,failure_mode,terminated,duration_s,final_tilt_deg,final_omega,max_alt_loss_m,t_flip_s,t_recovered_s,control_effort,revolution_deg,pitch_travel_deg,detector,success_section04,failure_mode_section04,ppo_track_revolution_deg,ppo_track_success_then_terminated
ppo_mtr_motors,10000,True,success,False,10.000000000000163,2.6855235998072757,0.6360762589362656,0.21855529511788943,0.4600000000000003,0.5800000000000007,6.6811373241232825,320.2030698446596,516.7489082717756,ppo_track,False,over-rotation,360.3452628755725,False
ppo_mtr_motors,10001,True,success,False,10.000000000000163,1.9557836101471053,0.5782628720853461,0.22704325945276807,0.42000000000000026,2.399999999999963,6.6282974162907715,317.50736296033426,526.5843979682647,ppo_track,False,over-rotation,360.118868546209,False
ppo_mtr_motors,10002,True,success,False,10.000000000000163,2.04612663032017,0.5986500403603112,0.24271706925508083,0.4400000000000003,1.1799999999999886,6.152759833893669,319.62716057491116,528.9032955014915,ppo_track,False,over-rotation,361.0449678180997,False
ppo_mtr_motors,10003,True,success,False,10.000000000000163,1.296755669059095,0.6733386245040419,0.2099826641638886,0.4600000000000003,1.9399999999999729,6.288360316555997,320.29422496333524,525.3789886413076,ppo_track,False,over-rotation,359.0302022291333,False
ppo_mtr_motors,10004,True,success,False,10.000000000000163,2.72206348236911,0.8194671084744533,0.22102851854790134,0.4800000000000003,2.359999999999964,6.201635081228327,324.93437072481566,516.8743795700403,ppo_track,False,over-rotation,362.7086900159782,False
ppo_mtr_motors,10005,True,success,False,10.000000000000163,2.029975435659018,0.8303946954689324,0.17825794307195053,0.4600000000000003,0.7799999999999973,6.448881743384435,317.4335104456734,521.0237768094313,ppo_track,False,over-rotation,358.0601995361436,False
ppo_mtr_motors,10006,True,success,False,10.000000000000163,2.104664683067718,0.9627463892160745,0.24144651845828033,0.4400000000000003,3.95999999999993,6.4965735650009515,321.8933073324079,529.5950108266549,ppo_track,False,over-rotation,362.0600772157055,False
ppo_mtr_motors,10007,True,success,False,10.000000000000163,2.7440005794899447,0.9347683659118959,0.2677171154099928,0.4400000000000003,0.8599999999999955,6.626513214080168,323.5583912974523,512.4834839055052,ppo_track,False,over-rotation,362.7324630442847,False
ppo_mtr_motors,10008,True,success,False,10.000000000000163,0.9176644849224602,0.4819143368201001,0.24594420403177694,0.4400000000000003,2.119999999999969,6.025062561286531,315.96019051007414,512.9270390108013,ppo_track,False,over-rotation,359.1074472533209,False
ppo_mtr_motors,10009,True,success,False,10.000000000000163,2.0502408288892036,0.8389525402730443,0.2797720103679303,0.4400000000000003,1.1799999999999886,6.089356614576681,320.1262979703975,517.6637502722683,ppo_track,False,over-rotation,360.33857083508093,False
ppo_mtr_motors,10010,True,success,False,10.000000000000163,1.480114336594643,0.12670718759152233,0.24156963801130352,0.4600000000000003,1.6799999999999784,6.219875939549626,318.2953382899775,516.2693552113375,ppo_track,False,over-rotation,359.62355525990876,False
ppo_mtr_motors,10011,True,success,False,10.000000000000163,2.238942884963879,0.3122019233263375,0.21986054542944444,0.4600000000000003,0.9999999999999926,5.695767227884688,321.7131353631213,543.5028429867648,ppo_track,False,over-rotation,361.17690689852253,False
ppo_mtr_motors,10012,True,success,False,10.000000000000163,1.7193811448345844,0.4524037731766027,0.2184228291930178,0.42000000000000026,1.2199999999999878,6.089806352108727,315.43873847255503,542.249430510144,ppo_track,False,over-rotation,358.44514834981396,False
ppo_mtr_motors,10013,True,success,False,10.000000000000163,1.8015898971843902,0.31909884450055187,0.25949128440907543,0.4400000000000003,2.6999999999999567,5.57872357807748,323.1768020282552,520.7440325694821,ppo_track,False,over-rotation,360.89782672446086,False
ppo_mtr_motors,10014,True,success,False,10.000000000000163,0.8956212741756365,0.38207814507388144,0.2519767313427541,0.4600000000000003,1.5199999999999814,5.825984485813267,322.5688497369693,523.8997490572011,ppo_track,False,over-rotation,360.846645843176,False
ppo_mtr_motors,10015,True,success,False,10.000000000000163,1.1833276560117947,0.3884189005174266,0.23868727314320956,0.4600000000000003,1.7999999999999758,5.90492341385101,319.33685267278423,531.9438780642936,ppo_track,False,over-rotation,359.5189438379694,False
ppo_mtr_motors,10016,True,success,False,10.000000000000163,3.7216077470021744,0.611725618952881,0.21453381991563591,0.4400000000000003,1.539999999999981,6.096459112286642,319.10479160723395,529.7579244883477,ppo_track,False,over-rotation,362.94547679825126,False
ppo_mtr_motors,10017,True,success,False,10.000000000000163,2.4830581261523235,0.25242163806460544,0.23733984206387387,0.4600000000000003,2.4799999999999613,6.425265332594443,316.4711334436619,541.8830468379205,ppo_track,False,over-rotation,358.7414343408606,False
ppo_mtr_motors,10018,True,success,False,10.000000000000163,2.479519060555714,0.09837994824824034,0.18903367730019457,0.4800000000000003,3.059999999999949,6.4838286575418556,320.06540108984996,513.6169456222691,ppo_track,False,over-rotation,360.910271755111,False
ppo_mtr_motors,10019,True,success,False,10.000000000000163,1.6936656797465057,0.18156677916286207,0.26687565877774766,0.4400000000000003,0.9999999999999926,6.317677322551012,320.2919563694556,529.7587131621482,ppo_track,False,over-rotation,360.14612311951095,False
ppo_mtr_motors,10020,True,success,False,10.000000000000163,1.4788836389531443,0.27015191532315735,0.23335352385365535,0.4600000000000003,2.5599999999999596,6.04317149242939,318.56255821738984,514.4013968412439,ppo_track,False,over-rotation,358.63337595169367,False
ppo_mtr_motors,10021,True,success,False,10.000000000000163,1.8581419730958495,0.5656784263211072,0.2581785220474453,0.4600000000000003,7.039999999999864,6.046541087023932,321.69912509150777,542.6880913659803,ppo_track,False,over-rotation,358.54401271886724,False
ppo_mtr_motors,10022,True,success,False,10.000000000000163,2.540293513471179,0.38703258064588053,0.19625932095897242,0.4800000000000003,1.4199999999999835,5.947201338504283,323.192742676004,526.2228162294185,ppo_track,False,over-rotation,361.76479972555575,False
ppo_mtr_motors,10023,True,success,False,10.000000000000163,3.1981064387417835,0.21634517596488093,0.20023225915001294,0.4800000000000003,1.57999999999998,5.452608785934029,318.6231689678334,506.47223857620753,ppo_track,False,over-rotation,357.9454879497306,False
ppo_mtr_motors,10024,False,no 0.4 s hold,False,10.000000000000163,2.5109137680924754,0.3240509744607625,0.20330624288356136,0.4400000000000003,,5.986782260450757,313.89153462382427,532.4670627034816,ppo_track,False,over-rotation,357.5132731276261,False
ppo_mtr_motors,10025,True,success,False,10.000000000000163,0.847344825589984,0.4264895083563699,0.24686542964063624,0.4400000000000003,7.039999999999864,6.3824289652018,321.13379487277365,543.8446208468514,ppo_track,False,over-rotation,359.38175547157255,False
ppo_mtr_motors,10026,True,success,False,10.000000000000163,4.010684630098938,0.9809348406063052,0.2647249665622879,0.4400000000000003,3.7399999999999345,5.969391775802184,322.0363853721152,541.4929269640429,ppo_track,False,over-rotation,362.0820721004371,False
ppo_mtr_motors,10027,True,success,False,10.000000000000163,0.8215453091981075,0.34313839979440636,0.2609138232719034,0.4400000000000003,1.0599999999999912,5.628665209526993,317.4227837442102,524.7062654348907,ppo_track,False,over-rotation,359.2118606963427,False
ppo_mtr_motors,10028,True,success,False,10.000000000000163,4.332281015556924,0.2577403245962251,0.24042443505757768,0.5000000000000003,1.259999999999987,5.617893693769222,326.6467558208498,526.6610753068107,ppo_track,False,over-rotation,363.21367651501185,False
ppo_mtr_motors,10029,True,success,False,10.000000000000163,0.7411273686408116,0.5740575632234918,0.2208962287825057,0.4600000000000003,0.979999999999993,6.240041700355405,321.69274672316936,513.8485153507954,ppo_track,False,over-rotation,359.25926890164794,False
ppo_mtr_motors,10030,True,success,False,10.000000000000163,1.7757052339750339,0.36648254807057895,0.19981414969812092,0.4400000000000003,0.7199999999999985,5.695681337097446,321.17703584132363,496.0091750927138,ppo_track,False,over-rotation,358.44948559448585,False
ppo_mtr_motors,10031,True,success,False,10.000000000000163,2.667004747838862,0.17218190247817106,0.23091466422052134,0.4400000000000003,2.9799999999999507,6.118925364091671,316.50212154685784,528.7692461825036,ppo_track,False,over-rotation,357.3331722069005,False
ppo_mtr_motors,10032,True,success,False,10.000000000000163,3.0177008698296843,0.6893504228069607,0.1804200048494239,0.4400000000000003,1.439999999999983,6.406766533925109,317.357471559052,508.52078267435934,ppo_track,False,over-rotation,361.1844103204096,False
ppo_mtr_motors,10033,True,success,False,10.000000000000163,2.69041749561771,1.0497705461610123,0.22444428234486852,0.4600000000000003,1.4199999999999835,5.108392221263824,318.8237946069511,529.3692949749297,ppo_track,False,over-rotation,357.8482918140533,False
ppo_mtr_motors,10034,True,success,False,10.000000000000163,1.5246386551911855,0.08991741145286132,0.2338041084733701,0.4400000000000003,1.7799999999999763,5.759103065243907,321.4014020792741,514.5751227837794,ppo_track,False,over-rotation,360.50602679348884,False
ppo_mtr_motors,10035,True,success,False,10.000000000000163,2.7695589579319853,0.9183736752096906,0.261229676541237,0.4400000000000003,4.639999999999915,6.118388363958975,315.8068553660431,536.6305494737708,ppo_track,False,over-rotation,357.68018612084995,False
ppo_mtr_motors,10036,True,success,False,10.000000000000163,3.0745072896079595,0.6030365342785338,0.2803829125992687,0.4400000000000003,0.8999999999999947,6.595053376882056,322.64865859828564,538.5712989584507,ppo_track,False,over-rotation,361.91999453722855,False
ppo_mtr_motors,10037,True,success,False,10.000000000000163,0.6069349733718267,0.34494953983706034,0.2411526312832384,0.4400000000000003,4.139999999999926,6.598963976438995,321.36861984847485,525.5406609843112,ppo_track,False,over-rotation,360.36727513970686,False
ppo_mtr_motors,10038,True,success,False,10.000000000000163,4.303891229240652,0.4932420772393507,0.2585127685860893,0.4400000000000003,2.6199999999999584,5.836224789494392,320.0472377942526,542.505122155851,ppo_track,False,over-rotation,364.0494303471238,False
ppo_mtr_motors,10039,True,success,False,10.000000000000163,0.9090069001115563,0.32230195282777063,0.22353890713899482,0.42000000000000026,0.8799999999999951,5.698953573546383,320.51875762901085,512.7929887084814,ppo_track,False,over-rotation,360.8850719129239,False
ppo_mtr_motors,10040,True,success,False,10.000000000000163,2.022069741212987,0.4898812248638098,0.26261159453761534,0.4600000000000003,1.1799999999999886,6.507280343053081,320.0810916613477,520.9559698215654,ppo_track,False,over-rotation,360.68747863210797,False
ppo_mtr_motors,10041,True,success,False,10.000000000000163,0.5506191471639252,0.3341385038735056,0.23629163379836257,0.4400000000000003,3.1399999999999473,5.605869534588085,319.8824130699676,535.5065186924691,ppo_track,False,over-rotation,360.0227526786723,False
ppo_mtr_motors,10042,True,success,False,10.000000000000163,0.8585386363376035,0.4283905428060179,0.21067610083071853,0.4400000000000003,3.059999999999949,5.5670899894673145,320.76162584276557,545.8631732624257,ppo_track,False,over-rotation,360.6569686753612,False
ppo_mtr_motors,10043,True,success,False,10.000000000000163,2.9621185498938516,0.5588520898022066,0.2294199202018083,0.4600000000000003,3.899999999999931,5.499274659452476,318.2184208145673,509.5564456234445,ppo_track,False,over-rotation,360.79083012550234,False
ppo_mtr_motors,10044,True,success,False,10.000000000000163,1.2303114686642804,0.24136680167589497,0.2827933273878566,0.4600000000000003,0.7999999999999968,5.451182311143994,319.13049725956375,522.4056037810687,ppo_track,False,over-rotation,361.2302353527105,False
ppo_mtr_motors,10045,True,success,False,10.000000000000163,1.6938221799601112,0.5896774447231268,0.2525084435876816,0.4600000000000003,2.3199999999999648,6.1224262241083185,322.55234270470237,514.9306298297855,ppo_track,False,over-rotation,361.3502650578885,False
ppo_mtr_motors,10046,True,success,False,10.000000000000163,3.3571316136885274,0.7532633265143128,0.2721132217228867,0.4600000000000003,1.5199999999999814,5.822768836875259,322.1512254468542,503.78677777925486,ppo_track,False,over-rotation,363.0205477261024,False
ppo_mtr_motors,10047,True,success,False,10.000000000000163,3.0961091988303204,0.7223584321512434,0.2118809796822526,0.4600000000000003,1.7999999999999758,5.509297154302405,317.0000982162353,526.995712718887,ppo_track,False,over-rotation,358.35792428076996,False
ppo_mtr_motors,10048,True,success,False,10.000000000000163,4.400249078792908,0.6408178940025254,0.21235327716188293,0.4600000000000003,2.6199999999999584,5.929281053535103,318.32097537119694,514.4239669787406,ppo_track,False,over-rotation,356.1136536624691,False
ppo_mtr_motors,10049,True,success,False,10.000000000000163,1.4225498776670273,0.4805499518058046,0.24550500920814855,0.42000000000000026,1.4599999999999826,5.689578232400576,320.6501068734682,526.1343581403214,ppo_track,False,over-rotation,361.24648531311067,False
