controller,kind,level,n,success,ci_lo,ci_hi,crash,drift,final_rate,final_tilt
ppo_flip,noise,0.0,10,1.0,0.7224598312333834,1.0,0.0,0.30496193243639563,0.08961940233401686,0.15602853876109787
ppo_flip,noise,0.05,10,1.0,0.7224598312333834,1.0,0.0,0.3474110958534264,0.1772662815323644,0.6696245128280329
ppo_flip,noise,0.1,10,1.0,0.7224598312333834,1.0,0.0,0.42433932664463614,0.3128251616718134,1.2966035153420639
ppo_flip,noise,0.15,10,1.0,0.7224598312333834,1.0,0.0,0.5029865240671866,0.4559427954755069,1.9080884439559962
ppo_flip,noise,0.2,10,1.0,0.7224598312333834,1.0,0.0,0.6203396239940107,0.6000381916856223,2.5020227765273995
ppo_flip,noise,0.3,10,0.3,0.10778928748621183,0.6032267800204347,0.0,0.8470307542134176,0.8883906331146945,3.645809284052317
ppo_flip+pid,noise,0.0,10,1.0,0.7224598312333834,1.0,0.0,0.004121548583586752,0.030204449688751807,0.1932908603393995
ppo_flip+pid,noise,0.05,10,1.0,0.7224598312333834,1.0,0.0,0.03766185047446719,0.3381394069711968,1.5450992372748997
ppo_flip+pid,noise,0.1,10,1.0,0.7224598312333834,1.0,0.0,0.07453912278486206,0.671901680404906,3.051677144598556
ppo_flip+pid,noise,0.15,10,0.1,0.01787574951572113,0.4041563854975721,0.0,0.11132295867871142,1.0061123856675391,4.537146170034551
ppo_flip+pid,noise,0.2,10,0.0,0.0,0.2775401687666166,0.0,0.1475184457156553,1.3405627518890308,5.973484759019419
ppo_flip+pid,noise,0.3,10,0.0,0.0,0.2775401687666166,0.0,0.22400442455953554,1.9532293978332682,8.64903114320472
scripted_flip,noise,0.0,10,1.0,0.7224598312333834,1.0,0.0,0.12718684704411193,0.03021153238683088,0.19281786724122724
scripted_flip,noise,0.05,10,1.0,0.7224598312333834,1.0,0.0,0.15660143788286934,0.33810032601290263,1.5460213983975453
scripted_flip,noise,0.1,10,1.0,0.7224598312333834,1.0,0.0,0.2538862167054671,0.671798897023214,3.0517706936865756
scripted_flip,noise,0.15,10,0.1,0.01787574951572113,0.4041563854975721,0.0,0.3635254981352317,1.0059282051222955,4.537078821424375
scripted_flip,noise,0.2,10,0.0,0.0,0.2775401687666166,0.0,0.47264539525271687,1.3403408917269393,5.973015003985669
scripted_flip,noise,0.3,10,0.0,0.0,0.2775401687666166,0.0,0.6909088042110642,1.9529188777589845,8.64871427282294
ppo_flip,wind,0.0,10,1.0,0.7224598312333834,1.0,0.0,0.30496193243639563,0.08961940233401686,0.15602853876109787
ppo_flip,wind,2.0,10,1.0,0.7224598312333834,1.0,0.0,1.1577235387848241,0.0751191334574401,0.8903181451565384
ppo_flip,wind,4.0,10,1.0,0.7224598312333834,1.0,0.0,2.39309765153354,0.12502796739143213,4.397646048694663
ppo_flip,wind,6.0,10,0.8,0.49015684672072335,0.9433190520193067,0.1,4.098847930946519,1.570326866020635,17.916557978283375
ppo_flip,wind,8.0,10,0.5,0.23658959361548731,0.7634104063845126,0.2,6.143823674708538,2.5089810163028967,32.344276029483474
ppo_flip+pid,wind,0.0,10,1.0,0.7224598312333834,1.0,0.0,0.004121548583586752,0.030204449688751807,0.1932908603393995
ppo_flip+pid,wind,2.0,10,1.0,0.7224598312333834,1.0,0.0,0.008894332504665401,0.041881033171003855,1.281764876246061
ppo_flip+pid,wind,4.0,10,1.0,0.7224598312333834,1.0,0.0,0.053491972654686915,0.061516061561046366,4.134966500425461
ppo_flip+pid,wind,6.0,10,1.0,0.7224598312333834,1.0,0.0,0.16368612832390173,0.07727822325894719,8.564710001236802
ppo_flip+pid,wind,8.0,10,0.9,0.5958436145024278,0.9821242504842788,0.0,0.4864180701160946,0.08601433011590309,14.30798155870482
scripted_flip,wind,0.0,10,1.0,0.7224598312333834,1.0,0.0,0.12718684704411193,0.03021153238683088,0.19281786724122724
scripted_flip,wind,2.0,10,1.0,0.7224598312333834,1.0,0.0,0.12348443998560057,0.04189456192197314,1.2812491382713738
scripted_flip,wind,4.0,10,1.0,0.7224598312333834,1.0,0.0,0.24356030068725784,0.06153193078377288,4.136176007490354
scripted_flip,wind,6.0,10,1.0,0.7224598312333834,1.0,0.0,0.5618869811787512,0.07726332152327244,8.566814788206115
scripted_flip,wind,8.0,10,0.9,0.5958436145024278,0.9821242504842788,0.0,1.1746157110338245,0.0860074039304961,14.308912418370653
