tag,seed,condition,episodes,success,crash,drift,final_rate,recovery,effort,model
bc_only,0,nominal,20,1.0,0.0,0.1383120275489752,0.300895408568779,0.841,0.27674201130867004,runs\bc_only_seed0_20260928-034930\final_model.zip
bc_only,0,stress,20,0.25,0.0,0.16423070520715083,0.9153312878980963,3.1000000000000005,0.38824068158864977,runs\bc_only_seed0_20260928-034930\final_model.zip
bc_only,0,wind5,20,0.9,0.0,0.3057369807458957,0.1458132842322601,1.655,0.276630836725235,runs\bc_only_seed0_20260928-034930\final_model.zip
final,0,nominal,20,1.0,0.0,0.20670902813519665,0.12163248042156702,0.48600000000000004,0.18151723220944405,runs\final_seed0_20260928-023948\final_model.zip
final,0,stress,20,1.0,0.0,0.24042252981520057,0.38877484187388156,0.506,0.3235942393541336,runs\final_seed0_20260928-023948\final_model.zip
final,0,wind5,20,0.8,0.1,2.6737385925092565,1.183942481874419,0.5,0.20617981478571892,runs\final_seed0_20260928-023948\final_model.zip
final,1,nominal,20,1.0,0.0,0.3665561030728959,0.18224639592980213,0.546,0.20280672758817672,runs\final_seed1_20260928-030445\final_model.zip
final,1,stress,20,1.0,0.0,0.5253206729976008,0.42742358972860217,0.542,0.33850819915533065,runs\final_seed1_20260928-030445\final_model.zip
final,1,wind5,20,0.85,0.05,2.7430359022061013,0.666756616718503,0.558,0.21719435453414918,runs\final_seed1_20260928-030445\final_model.zip
final,2,nominal,20,1.0,0.0,1.2201777540626364,0.12000508600673931,0.472,0.1775694042444229,runs\final_seed2_20260928-032705\final_model.zip
final,2,stress,20,1.0,0.0,1.2404875504521735,0.39588131885449923,0.492,0.3119172900915146,runs\final_seed2_20260928-032705\final_model.zip
final,2,wind5,20,1.0,0.0,2.466282140946571,0.07331986975965764,0.47700000000000004,0.16812876090407372,runs\final_seed2_20260928-032705\final_model.zip
motors,0,nominal,20,0.0,0.0,11.87694885624543,4.27069250276187,0.6571428571428571,0.1106059517711401,runs\motors_seed0_20260928-051841\final_model.zip
motors,0,stress,20,0.0,0.0,11.714049320289867,4.2136612818044625,1.9400000000000002,0.20906194150447846,runs\motors_seed0_20260928-051841\final_model.zip
motors,0,wind5,20,0.0,0.25,17.174836806837597,4.069996046480149,0.6400000000000001,0.09993157722055912,runs\motors_seed0_20260928-051841\final_model.zip
no_bc,0,nominal,20,0.1,0.0,6.078195717032743,0.24906891888528251,0.525,0.16794601306319237,runs\no_bc_seed0_20260928-035538\final_model.zip
no_bc,0,stress,20,0.15,0.0,7.896211465088291,0.5442937878243054,0.723,0.6170736402273178,runs\no_bc_seed0_20260928-035538\final_model.zip
no_bc,0,wind5,20,0.05,0.1,14.780189554164266,0.4107428946889636,0.501,0.14865660667419434,runs\no_bc_seed0_20260928-035538\final_model.zip
no_demo,0,nominal,20,1.0,0.0,0.14830528494886125,0.12210560829522085,0.5109999999999999,0.18996039032936096,runs\no_demo_seed0_20260928-045654\final_model.zip
no_demo,0,stress,20,1.0,0.0,0.3232616392137925,0.3842826045137254,0.515,0.3362935736775398,runs\no_demo_seed0_20260928-045654\final_model.zip
no_demo,0,wind5,20,0.75,0.15,3.0801173112620432,1.967470649218597,0.501,0.24130319580435752,runs\no_demo_seed0_20260928-045654\final_model.zip
no_prog,0,nominal,20,1.0,0.0,0.7516771678294976,0.1293170333598716,0.5239999999999998,0.17804109156131745,runs\no_prog_seed0_20260928-043429\final_model.zip
no_prog,0,stress,20,1.0,0.0,0.759880126575142,0.3759947715759247,0.5309999999999999,0.32105521857738495,runs\no_prog_seed0_20260928-043429\final_model.zip
no_prog,0,wind5,20,0.75,0.15,4.191160609855124,1.6078778961113307,0.5209999999999999,0.23153313770890235,runs\no_prog_seed0_20260928-043429\final_model.zip
symmetric,0,nominal,20,1.0,0.0,6.964193853565274,0.6708719795188868,0.5029999999999999,0.22265639007091523,runs\symmetric_seed0_20260928-041214\final_model.zip
symmetric,0,stress,20,0.6,0.0,7.336947104110381,3.3348574687564523,0.5449999999999999,0.3722536340355873,runs\symmetric_seed0_20260928-041214\final_model.zip
symmetric,0,wind5,20,0.35,0.0,10.063410840024378,1.786913384611238,0.5,0.25725420340895655,runs\symmetric_seed0_20260928-041214\final_model.zip
wind_ctrl,0,nominal,20,1.0,0.0,0.18834728937548426,0.1255128780013713,0.47400000000000003,0.16889977231621742,runs\wind_ctrl_seed0_20260928-053601\final_model.zip
wind_ctrl,0,stress,20,1.0,0.0,0.26219554160690733,0.41374927478344,0.499,0.30823967456817625,runs\wind_ctrl_seed0_20260928-053601\final_model.zip
wind_ctrl,0,wind5,20,0.95,0.0,2.2303788738441215,0.08987896749392352,0.46000000000000013,0.1581537939608097,runs\wind_ctrl_seed0_20260928-053601\final_model.zip
wind_integral,0,nominal,20,1.0,0.0,0.15213492338547957,0.14593748591932623,0.346,0.15955331176519394,runs\wind_integral_seed0_20260928-055843\final_model.zip
wind_integral,0,stress,20,1.0,0.0,0.5330626644525656,0.4149529898472424,0.41000000000000003,0.3049266427755356,runs\wind_integral_seed0_20260928-055843\final_model.zip
wind_integral,0,wind5,20,0.85,0.05,6.093045460322031,1.7733924649668373,0.30999999999999994,0.19021671414375305,runs\wind_integral_seed0_20260928-055843\final_model.zip
